{"cameraMode":{"drawMode":0,"name":"Shaded","section":"Shading Mode"},"sceneLighting":false,"audioPlay":false,"sceneViewState":{"m_AlwaysRefresh":false,"showFog":true,"showSkybox":false,"showFlares":true,"showImageEffects":true,"showParticleSystems":true,"showVisualEffectGraphs":true,"m_FxEnabled":true},"in2DMode":false,"pivot":{"x":0.2355508804321289,"y":0.9169715642929077,"z":-2.154635429382324},"rotation":{"x":0.4652145504951477,"y":-0.23976977169513703,"z":0.13251686096191407,"w":0.8417445421218872},"size":0.35669660568237307,"orthographic":false}