{"cameraMode":{"drawMode":0,"name":"Shaded","section":"Shading Mode"},"sceneLighting":false,"audioPlay":false,"sceneViewState":{"m_AlwaysRefresh":false,"showFog":true,"showSkybox":false,"showFlares":true,"showImageEffects":true,"showParticleSystems":true,"showVisualEffectGraphs":true,"m_FxEnabled":true},"in2DMode":false,"pivot":{"x":-9.687562974036724e-10,"y":0.0003000000142492354,"z":0.17630000412464143},"rotation":{"x":-0.2577264904975891,"y":-0.7393555045127869,"z":0.3999820947647095,"w":-0.4763984978199005},"size":16.958812713623048,"orthographic":false}